UserId:ItemId,Prediction
u0000039:i0060196,6.9014046648755
u0000039:i0099077,6.92191070102948
u0000039:i0102926,6.99270338483745
u0000039:i0109830,7.08841688236521
u0000039:i0113277,6.86024715401956
u0000039:i0114924,6.76441447439162
u0000039:i0116695,7.00287217437094
u0000039:i0119217,7.008574333176
u0000039:i0139462,6.75261313745356
u0000039:i0146984,6.7820831130172
u0000039:i0230838,6.60516976512807
u0000039:i0240890,6.47026922236492
u0000039:i0281358,6.73107365361498
u0000039:i0376541,6.87525995309392
u0000039:i0380389,6.43056707305628
u0000039:i0405159,6.99667201468346
u0000039:i0473360,6.51979149188552
u0000039:i0484740,6.89803562957322
u0000039:i0780536,6.83223816073049
u0000039:i0907657,6.91973783300038
u0000039:i1023111,6.69303375038418
u0000039:i1126590,6.70812215368045
u0000039:i1294226,6.73311768408638
u0000039:i1306980,6.76201525736033
u0000039:i1375666,6.94320860043412
u0000039:i1392190,6.77777777777778
u0000039:i1403981,6.92658987903612
u0000039:i1498569,6.46894949647179
u0000039:i1595656,6.72367960640508
u0000039:i1606389,6.71859929159023
u0000039:i1613750,6.73543368844804
u0000039:i1638002,6.62184853412867
u0000039:i1655441,6.77777777777778
u0000039:i1659337,6.88140592865729
u0000039:i1702439,6.82748471876458
u0000039:i1714915,6.73268641564716
u0000039:i1809398,6.88131246976487
u0000039:i1850397,6.59444444444444
u0000039:i1951265,6.60000667913254
u0000039:i1972779,6.5169704485263
u0000039:i2034031,6.43643872063358
u0000039:i2082197,7.06688440362451
u0000039:i2084970,7.03783669529631
u0000039:i2199571,6.77777777777778
u0000039:i2309260,6.77777777777778
u0000039:i2562232,6.9685079008376
u0000039:i2582802,7.11680885890236
u0000039:i2713180,6.89831024472041
u0000039:i2872718,7.03608552437763
u0000039:i3235888,0
u0000039:i3729920,7.34362858396769
u0000046:i0033467,7.44749825458773
u0000046:i0041959,7.05804055105958
u0000046:i0056663,7.4164524490353
u0000046:i0100234,6.69909205975524
u0000046:i0166924,7.36298874000206
u0000046:i0233841,7.06885360577285
u0000046:i0361862,7.2749349163151
u0000046:i0499335,7.21818181818182
u0000046:i1020072,7.15806447615195
u0000046:i1100089,7.20248493686556
u0000046:i1392190,7.21818181818182
u0000046:i1791528,7.13445006049139
u0000046:i2141941,7.21818181818182
u0000046:i2326554,0
u0000046:i2582802,7.36572715206176
u0000046:i2788710,7.17812768545703
u0000046:i2802154,7.43030814106115
u0000046:i3235888,0
u0000046:i3263614,7.15793937546434
u0000046:i3374966,7.49539934943031
u0000046:i3416744,7.21818181818182
u0000046:i3612616,7.44577155955635
u0000046:i3630276,7.30757166181437
u0000046:i3715320,7.21818181818182
u0000046:i4408178,7.21818181818182
u0000060:i0418279,7.37091387268337
u0000060:i0816692,7.33355896155506
u0000060:i1055369,7.18130259301157
u0000060:i1399103,7.26641211728744
u0000060:i1418377,6.95264650083218
u0000060:i2024469,7.33996952609822
u0000060:i2872732,7.17058460568625
u0000077:i0068646,6.35604952557025
u0000077:i0073195,6.52599892506318
u0000077:i0455407,6.24836344600522
u0000077:i0479997,6.0636202173869
u0000077:i1229238,6.39320869403964
u0000077:i1385956,6.44801600755726
u0000077:i1499658,6.20573661973052
u0000077:i1600196,6.3557635489045
u0000077:i1661820,6.32558139534884
u0000077:i2084970,6.44371260904547
u0000077:i2096673,6.32558139534884
u0000077:i2245084,6.43586398049449
u0000077:i2267998,6.40453542319723
u0000077:i2310332,6.31142636857334
u0000077:i2395427,6.32558139534884
u0000077:i2515034,6.32558139534884
u0000077:i2609222,5.97033274104711
u0000077:i2692904,6.28911251102544
u0000077:i2802144,8.08268702994971
u0000077:i2911666,6.2846344787818
u0000077:i3045616,6.32558139534884
u0000077:i3416742,6.41959975711424
u0000083:i0073486,8.25631206919018
u0000083:i0086250,8.28156607574883
u0000083:i0102926,8.24619899695046
u0000083:i0105695,8.40720898243475
u0000083:i0109830,8.29703100545622
u0000083:i0110413,8.32898882974952
u0000083:i0110912,8.30852883067198
u0000083:i0114369,8.28858109362366
u0000083:i0114814,8.48752948606884
u0000083:i0119174,8.54191145082269
u0000083:i0119488,8.37567148515939
u0000083:i0120586,8.35939930827904
u0000083:i0120735,8.3443871869022
u0000083:i0120815,8.37698669768078
u0000083:i0137523,8.27388772105876
u0000083:i0139654,8.25297029274139
u0000083:i0144084,8.36257481310506
u0000083:i0208092,8.31916370490166
u0000083:i0209144,8.2870730603575
u0000083:i0221027,8.46185675697701
u0000083:i0236493,8.33725724449237
u0000083:i0264464,8.34941224025772
u0000083:i0266987,8.45221721548471
u0000083:i0268978,8.29022271560468
u0000083:i0278504,8.36124746480461
u0000083:i0315733,8.04902487341786
u0000083:i0327056,8.31592149394551
u0000083:i0361748,8.2623261383449
u0000083:i0361862,8.28865763424287
u0000083:i0362227,8.38350455123314
u0000083:i0407887,8.35354264601427
u0000083:i0421715,8.29026468027527
u0000083:i0452623,8.24101907018555
u0000083:i0469494,8.16381238958256
u0000083:i0477348,8.35637458054884
u0000083:i0482571,8.37585667447315
u0000083:i0816692,8.31176184779847
u0000083:i0884732,8.29701470040093
u0000083:i0964517,8.44671964356892
u0000083:i1014763,8.33333333333333
u0000083:i1032755,8.36232857259251
u0000083:i1100089,8.29930660795508
u0000083:i1542344,8.38855668770381
u0000083:i1663662,8.37673949982919
u0000083:i1666801,8.33333333333333
u0000083:i1670345,8.36332982778093
u0000083:i1698641,8.21275316596738
u0000083:i1823672,8.33333333333333
u0000083:i1924396,8.2663215202317
u0000083:i1979320,8.3593285333007
u0000083:i2084970,8.3268144640851
u0000083:i2096672,8.29602774629973
u0000083:i2170439,8.34671409545617
u0000083:i2170593,8.42050815533244
u0000083:i2179136,8.35770869082853
u0000083:i2245084,8.35296031698437
u0000083:i2261331,8.77614258678932
u0000083:i2273657,8.33333333333333
u0000083:i2278388,8.26791196380901
u0000083:i2305051,8.19617269973324
u0000083:i2561572,8.33333333333333
u0000083:i2562232,8.18354102277427
u0000083:i2582802,7.96783935159398
u0000083:i2614684,8.03123417766202
u0000083:i2788710,8.39688537195233
u0000083:i2802144,8.75312969086587
u0000083:i2872718,8.25225632181032
u0000083:i2883512,8.39254378918334
u0000083:i2980472,8.33333333333333
u0000083:i2980516,8.35105764710445
u0000083:i3007512,8.32967508678696
u0000083:i3045616,8.33333333333333
u0000083:i3079380,8.33333333333333
u0000083:i3316960,8.13627276572735
u0000083:i3442006,8.63444307024442
u0000083:i3541262,8.60825804156975
u0000083:i3592542,8.33333333333333
u0000139:i0414387,0
u0000139:i0783233,0
u0000139:i1655441,0
u0000139:i1661199,0
u0000139:i1702014,0
u0000139:i1731141,0
u0000139:i1772264,0
u0000139:i2084970,0
u0000139:i2096673,0
u0000139:i2322441,0
u0000139:i2395427,0
u0000139:i2717860,0
u0000139:i2802144,0
u0000139:i2908446,0
u0000139:i2980516,0
u0000139:i3079380,0
u0000139:i3316960,0
u0000148:i0369610,8
u0000148:i0458481,7.890451499979
u0000148:i0478970,8
u0000148:i1029360,8
u0000148:i1121096,7.39260217356439
u0000148:i1340138,8
u0000148:i1392190,8
u0000148:i1617661,8
u0000148:i1655441,8
u0000148:i1850397,8
u0000148:i2088003,8
u0000148:i2106361,7.71094781844007
u0000148:i2179136,8.17900545996186
u0000148:i2180411,7.85056451044021
u0000148:i2381249,8
u0000148:i2395427,8
u0000148:i2436386,8
u0000148:i2467046,7.44863208265715
u0000148:i2493486,8
u0000148:i2582802,8.3075645091447
u0000148:i2802144,8.29976797317908
u0000148:i2820852,8
u0000148:i2918436,8
u0000148:i3625152,8
u0000148:i3672840,8
u0000151:i0110357,7.41611454781677
u0000151:i0247586,7.51427023439365
u0000151:i0441773,7.06721690618236
u0000151:i0458481,7.19673274621718
u0000151:i0470752,7.13333333333333
u0000151:i0816692,7.32382486412348
u0000151:i1020072,7.40029990005774
u0000151:i1065073,7.26187153259465
u0000151:i1100089,7.11319920349794
u0000151:i1605717,7.07195896328493
u0000151:i1823672,7.13333333333333
u0000151:i1971325,6.77239514515058
u0000151:i1972571,7.19734701945907
u0000151:i2084970,7.27830692404318
u0000151:i2245084,7.20865056511136
u0000151:i2262227,7.13827404664076
u0000151:i2381941,7.13333333333333
u0000151:i2397535,7.24615051751417
u0000151:i2436386,7.13333333333333
u0000151:i2548208,6.66490193104853
u0000151:i2562232,7.19988917703769
u0000151:i2582802,7.46674774277573
u0000151:i2582846,7.2366759260164
u0000151:i2737050,7.22072280798457
u0000151:i2788710,7.08279479598663
u0000151:i2820852,7.13333333333333
u0000151:i2870612,7.05816772961213
u0000151:i2872718,7.3087422895353
u0000151:i2980516,7.29615897298342
u0000151:i2980592,7.06135412696438
u0000151:i3169706,7.34883399591817
u0000160:i0365907,6.96562501646293
u0000160:i0478970,7.09230769230769
u0000160:i1109624,7.16796313820043
u0000160:i1340138,7.09230769230769
u0000160:i1392190,7.09230769230769
u0000160:i1821694,7.02016657848773
u0000160:i2381249,7.09230769230769
u0000160:i2802144,4.98188385134917
u0000179:i1631867,6.23786461974366
u0000179:i1823672,6.10144927536232
u0000179:i2039393,5.99655471946105
u0000179:i2561572,6.10144927536232
u0000179:i3152624,6.10144927536232
u0000179:i3322940,5.78996412298172
u0000210:i0057076,8.29500214324553
u0000210:i0066995,8.25042282009039
u0000210:i0079574,8.06308936663031
u0000210:i0083943,8.41975292363655
u0000210:i1291150,8.00072833601664
u0000210:i2084970,8.49682961997529
u0000210:i2278388,8.64028528896416
u0000210:i2980516,8.54479467756074
u0000210:i3819668,8.33333333333333
u0000219:i0395972,8.07225481317446
u0000219:i2582846,7.82201695104175
u0000219:i2980516,7.98167113566864
u0000271:i0117665,0
u0000271:i0207201,0
u0000271:i0277027,0
u0000271:i0339412,0
u0000271:i0364970,0
u0000271:i0378109,0
u0000271:i0416449,0
u0000271:i0425123,0
u0000271:i0478970,0
u0000271:i0482571,0
u0000271:i0485985,0
u0000271:i0816711,0
u0000271:i1279935,0
u0000271:i1411250,0
u0000271:i1524930,0
u0000271:i1798709,0
u0000271:i1821549,0
u0000271:i1825784,0
u0000271:i1951264,0
u0000271:i2002718,0
u0000271:i2004420,0
u0000271:i2017038,0
u0000271:i2024469,0
u0000271:i2024544,0
u0000271:i2126355,0
u0000271:i2170299,0
u0000271:i2294449,0
u0000271:i2304771,0
u0000271:i2369135,0
u0000271:i2381249,0
u0000271:i2679042,0
u0000271:i2883512,0
u0000271:i2996684,0
u0000271:i3503840,0
u0000276:i1100089,7.98854743701382
u0000276:i1528100,7.66536095428857
u0000276:i2381249,7.86666666666667
u0000276:i2872718,8.10492322989268
u0000276:i2980516,7.97642719874783
u0000326:i0441909,7.25380768564898
u0000326:i1243974,7.2
u0000326:i2139555,0
u0000333:i0445939,0
u0000333:i1702014,6.93551095422796
u0000333:i1727358,6.82267757949336
u0000333:i2235108,6.5898593880112
u0000335:i0000417,0
u0000335:i0015324,0
u0000335:i0041699,0
u0000335:i0048473,0
u0000335:i0048956,0
u0000335:i0052572,0
u0000335:i0053779,0
u0000335:i0054698,0
u0000335:i0056801,0
u0000335:i0070666,0
u0000335:i0071230,0
u0000335:i0072902,0
u0000335:i0086879,0
u0000335:i0091288,0
u0000335:i0091480,0
u0000335:i0092048,0
u0000335:i0095953,0
u0000335:i0103935,0
u0000335:i0111257,0
u0000335:i0117615,0
u0000335:i0188030,0
u0000335:i0208092,0
u0000335:i0393162,0
u0000335:i0469021,0
u0000335:i0470752,0
u0000335:i0477348,0
u0000335:i0884732,0
u0000335:i1095442,0
u0000335:i1360860,0
u0000335:i1454029,0
u0000335:i1605783,0
u0000335:i1638355,0
u0000335:i1671547,0
u0000335:i1736633,0
u0000335:i1772288,0
u0000335:i1857816,0
u0000335:i2096673,0
u0000335:i2261331,0
u0000335:i2273657,0
u0000335:i2395427,0
u0000335:i2523600,0
u0000335:i2582802,0
u0000335:i2674040,0
u0000335:i2752688,0
u0000335:i2908446,0
u0000335:i3013258,0
u0000335:i3398268,0
u0000335:i3409392,0
u0000335:i3455224,0
u0000335:i3607812,0
u0000335:i3824386,0
u0000335:i4008652,0
u0000370:i0163978,7.6553120921104
u0000370:i0304415,7.5909323732085
u0000370:i0414387,7.98079665478457
u0000370:i1396226,7.92352194562781
u0000370:i4158834,7.71428571428571
u0000399:i0066921,6.96548114328413
u0000399:i0095953,7.16788696876052
u0000399:i0125439,7.03255213476197
u0000399:i0372784,7.1089641739394
u0000399:i0468569,7.35063903271092
u0000399:i0470752,6.95
u0000399:i1065073,7.17120482359939
u0000399:i1270798,7.12881478853642
u0000399:i2013293,7.13845495548503
u0000399:i2140373,7.1188865457839
u0000399:i2293640,6.95
u0000399:i2397535,7.10772821430112
u0000426:i0455944,9.48550261092583
u0000426:i1441326,9.39071694148197
u0000426:i1568911,9.60343930359417
u0000426:i1634121,9.76777456483273
u0000426:i1714915,9.55481032580468
u0000426:i1741243,9.18714679358632
u0000426:i1776143,8.83673435227704
u0000426:i1791528,9.29541760887212
u0000426:i1872194,9.52514304435456
u0000426:i1980209,9.43311713311265
u0000426:i2132285,9.33530339292349
u0000426:i2325741,10
u0000426:i2330866,9.29846488262833
u0000426:i2334649,9.51468297075403
u0000426:i2562232,9.51962140915684
u0000426:i2582802,9.61901406140705
u0000426:i2788710,9.4608773147333
u0000426:i2802154,9.66159292588081
u0000426:i2872718,9.60127751209474
u0000426:i2884206,9.55575456470846
u0000426:i2911666,9.507509393506
u0000426:i2980516,9.58917312520742
u0000429:i0455944,7.07052563718071
u0000429:i1211956,6.95894957003448
u0000429:i1972571,7.22432066057588
u0000429:i2209764,6.88743934830114
u0000429:i2234155,6.93980237404549
u0000429:i2381249,7.14285714285714
u0000429:i2446042,6.96665522258497
u0000430:i0075148,0
u0000430:i0079817,0
u0000430:i0120102,0
u0000430:i0360486,0
u0000430:i0369610,0
u0000430:i0878804,0
u0000430:i1210166,0
u0000430:i1438254,0
u0000430:i1809398,0
u0000430:i1990314,0
u0000430:i2088003,0
u0000430:i2249221,0
u0000430:i2293640,0
u0000430:i2364841,0
u0000430:i2381249,0
u0000430:i2463288,0
u0000430:i2872732,0
u0000437:i0101761,0
u0000437:i0101765,0
u0000437:i0108394,0
u0000437:i0111495,0
u0000437:i0401711,0
u0000437:i0450188,0
u0000437:i0478304,0
u0000437:i0758758,0
u0000437:i1014763,0
u0000437:i1191111,0
u0000437:i1549572,0
u0000437:i1675434,0
u0000437:i1748122,0
u0000437:i1809398,0
u0000437:i2084970,0
u0000437:i2325977,0
u0000437:i2582802,0
u0000437:i2737050,0
u0000442:i0470752,7.01388888888889
u0000442:i1065073,7.15382647008457
u0000442:i1638355,7.01388888888889
u0000442:i1791528,6.88587689531493
u0000442:i1823672,7.01388888888889
u0000442:i2179136,7.21480035208149
u0000442:i2180411,6.89055978622426
u0000442:i2322441,7.01388888888889
u0000442:i2358925,7.01388888888889
u0000442:i2561572,7.01388888888889
u0000442:i2582802,7.32288129300022
u0000442:i2717822,5.92409108263763
u0000442:i2802144,7.03153796857346
u0000442:i2820852,7.01388888888889
u0000442:i2908446,7.01388888888889
u0000442:i2911666,7.01411520258435
u0000442:i2980516,7.20574406047431
u0000442:i3007512,7.12020894784748
u0000442:i3045616,7.01388888888889
u0000442:i3152624,7.01388888888889
u0000442:i3181822,7.01388888888889
u0000445:i0139654,0
u0000445:i0162222,0
u0000445:i0274558,0
u0000445:i0947798,0
u0000445:i0993842,0
u0000445:i1086772,0
u0000445:i1392170,0
u0000445:i1408253,0
u0000445:i1535109,0
u0000445:i1564367,0
u0000445:i1911658,0
u0000445:i2788710,0
u0000455:i0091042,7.3524383212844
u0000455:i0120815,7.56624871126603
u0000455:i0449059,7.52744104317361
u0000455:i1340138,7.26470588235294
u0000455:i1791682,5.93970588235294
u0000455:i2848292,7.26470588235294
u0000503:i0099785,6.44787970491036
u0000503:i0113161,6.71889527516437
u0000503:i0117802,6.37918920463338
u0000503:i0128853,6.2602939958931
u0000503:i0182789,6.4387691241588
u0000503:i0365907,6.26633520173661
u0000503:i0470752,6.36363636363636
u0000503:i1598778,6.41104222742517
u0000503:i2179136,6.48706046147372
u0000503:i2278388,6.54664836251383
u0000503:i2398231,6.35062978267935
u0000503:i2582802,6.73709058717614
u0000503:i2802144,6.77460299494212
u0000503:i2937898,6.78342671750444
u0000505:i0308878,7.44936708860759
u0000505:i0770703,7.25259850639909
u0000505:i0816692,7.60980283511818
u0000505:i0829150,7.22554110270569
u0000505:i0993846,7.6356386029467
u0000505:i1124035,7.37542869730261
u0000505:i1568346,7.59923254668151
u0000505:i1661199,7.44936708860759
u0000505:i2084970,7.59291682528987
u0000505:i2101341,7.39997082739295
u0000505:i2177771,7.20794306569838
u0000505:i2179136,7.55844672086814
u0000505:i2194499,7.52787168509427
u0000505:i2199571,7.44936708860759
u0000505:i2322441,7.44936708860759
u0000505:i2369135,7.40081863355062
u0000505:i2395427,7.44936708860759
u0000505:i2726560,7.44936708860759
u0000505:i2848292,7.44936708860759
u0000505:i2908446,7.44936708860759
u0000505:i2980516,7.60554967034558
u0000529:i0478970,0
u0000529:i1392190,0
u0000529:i2126355,0
u0000529:i2802144,0
u0000537:i1392190,9.39285714285714
u0000537:i2465578,9.39827098098336
u0000537:i2562232,9.46739324190879
u0000551:i0470752,6.69230769230769
u0000551:i1121096,6.11090965302919
u0000551:i1340138,6.69230769230769
u0000551:i1798684,6.69230769230769
u0000551:i1935302,6.69230769230769
u0000551:i2179136,6.84638249548631
u0000551:i2339741,6.32750298041269
u0000551:i2395427,6.69230769230769
u0000551:i2446042,6.21665070893427
u0000551:i2679042,6.69230769230769
u0000551:i2717822,5.44008402116323
u0000551:i2820852,6.69230769230769
u0000551:i2908446,6.69230769230769
u0000551:i3007512,6.80007071768458
u0000551:i3480796,5.64393898732048
u0000558:i0816692,6.08425144295153
u0000558:i2084970,6.13180353807478
u0000558:i2576852,5.50551536807388
u0000558:i2980516,6.08583618416741
u0000558:i3316960,6.30149706789956
u0000566:i0050976,0
u0000566:i0057012,0
u0000566:i0113247,0
u0000566:i0120731,0
u0000566:i0756683,0
u0000566:i2140203,0
u0000566:i2322441,0
u0000566:i3060492,0
u0000582:i0478970,5.65137614678899
u0000582:i1340138,5.65137614678899
u0000582:i1502712,5.65137614678899
u0000582:i1638355,5.65137614678899
u0000582:i1798684,5.65137614678899
u0000582:i1809398,5.64392936112604
u0000582:i1850397,5.712065838399
u0000582:i2120120,5.65137614678899
u0000582:i2126355,5.65137614678899
u0000582:i2179136,5.8131053508322
u0000582:i2245084,5.82156015093886
u0000582:i2381249,5.65137614678899
u0000582:i2788710,5.53898321406185
u0000582:i2802144,4.15030251072838
u0000582:i2820852,5.65137614678899
u0000582:i2980516,5.76764765817816
u0000594:i0086984,7.57963220298105
u0000594:i0112579,7.60550594334291
u0000594:i0120787,7.70981415004429
u0000594:i0212985,7.59579936394104
u0000594:i0289765,7.52186501291481
u0000594:i0364045,7.15128216342989
u0000594:i0365907,7.47998371259599
u0000594:i0369610,7.56
u0000594:i0422401,7.42408321222906
u0000594:i0453562,7.59541485437715
u0000594:i0477080,7.62941243083988
u0000594:i1074638,7.54458897261397
u0000594:i1091191,7.52092490119104
u0000594:i1187064,7.17425403545059
u0000594:i1204977,7.47001777528882
u0000594:i1276104,7.55141199306287
u0000594:i1334102,6.43650888620339
u0000594:i1392190,7.56
u0000594:i1524930,7.56
u0000594:i1528071,7.55003717109995
u0000594:i1564367,7.61344664260755
u0000594:i1568338,7.40641765618724
u0000594:i1617661,7.56
u0000594:i1622547,7.64074584406305
u0000594:i1638002,7.55486146313878
u0000594:i1726592,7.66015070060812
u0000594:i1922777,7.51031093953812
u0000594:i2034139,7.3299780880899
u0000594:i2179136,7.61692810067078
u0000594:i2184339,7.61027303347547
u0000594:i2235779,7.51778399281374
u0000594:i2368553,7.79686068656624
u0000594:i2395199,7.94679912832074
u0000594:i2562232,7.52362876754163
u0000594:i2788710,7.5382810637948
u0000594:i2802144,8.2210704735116
u0000594:i2820852,7.56
u0000594:i2870612,7.4115289688835
u0000594:i2872732,7.55202759744863
u0000594:i2911666,7.51557366223779
u0000594:i2937898,8.02519519094008
u0000594:i3079380,7.56
u0000594:i3202890,7.86776473992069
u0000594:i3235888,0
u0000597:i0369610,4
u0000597:i1392190,4
u0000597:i1617661,4
u0000597:i1809398,4
u0000597:i2381249,4
u0000597:i2395427,4
u0000597:i2679042,4
u0000597:i2802144,4
u0000597:i2820852,4
u0000597:i3079380,4
u0000665:i0101393,0
u0000665:i0289848,0
u0000665:i0332280,0
u0000665:i0372183,0
u0000665:i1119646,0
u0000665:i1130884,0
u0000665:i1231583,0
u0000665:i1385826,0
u0000665:i1411697,0
u0000665:i1817273,0
u0000665:i1951261,0
u0000714:i1340138,7
u0000714:i1854236,6.94865774961532
u0000714:i2179136,7.00344831149955
u0000714:i2381249,7
u0000714:i2802144,7
u0000716:i0119051,5.95104517566802
u0000716:i0183505,5.3839412906396
u0000716:i0247199,5.27407489953745
u0000716:i0256380,5.24093730336642
u0000716:i0265666,5.75393668793306
u0000716:i0416320,5.77773905781014
u0000716:i0470752,5.59493670886076
u0000716:i0787474,5.52393223889026
u0000716:i0862846,5.71986652203183
u0000716:i0864835,5.70957562715835
u0000716:i0881891,5.14155324563944
u0000716:i0918927,5.70849956184364
u0000716:i1291150,5.29646234423918
u0000716:i1371111,5.62832906755682
u0000716:i1598828,5.27686603206369
u0000716:i1602472,4.87145190598922
u0000716:i1647668,5.71043649850224
u0000716:i1698641,5.49352975151059
u0000716:i1723121,5.62726458630368
u0000716:i1764234,5.25689862965547
u0000716:i1790864,5.55254816772046
u0000716:i1872194,5.66666418166125
u0000716:i1980209,5.29667066300134
u0000716:i2015381,5.8980075317988
u0000716:i2096673,5.59493670886076
u0000716:i2103281,5.86037952378434
u0000716:i2179136,5.78731832680455
u0000716:i2203939,5.28899374978327
u0000716:i2267998,5.91263531296461
u0000716:i2279373,5.59493670886076
u0000716:i2338151,5.80040770140871
u0000716:i2395427,5.59493670886076
u0000716:i2465578,5.82149844547808
u0000716:i2561572,5.59493670886076
u0000716:i2562232,5.95680859525813
u0000716:i2582802,5.99911806518805
u0000716:i2820852,5.59493670886076
u0000716:i2911666,5.61458612883043
u0000716:i3203616,5.59493670886076
u0000716:i3411432,5.59493670886076
u0000743:i0816692,0
u0000743:i2245084,0
u0000743:i2820852,0
u0000750:i0455944,0
u0000750:i1392190,0
u0000750:i2199571,0
u0000750:i3007512,0
u0000750:i3698408,0
u0000750:i4192740,0
u0000750:i4450706,0
u0000750:i4712818,0
u0000758:i0120586,7.4792972666232
u0000758:i0120777,7.85047391780888
u0000758:i0458413,6.77009329328324
u0000758:i0470752,7.17460317460317
u0000758:i0884732,7.04968741343071
u0000758:i0889573,7.18134855593589
u0000758:i1617661,7.17460317460317
u0000758:i1823672,7.17460317460317
u0000758:i2223990,7.10653911904996
u0000758:i2245084,7.37142670187681
u0000758:i2322441,7.17460317460317
u0000758:i2395427,7.17460317460317
u0000758:i2555736,7.17460317460317
u0000758:i2582802,7.5514408012954
u0000758:i2802144,9.52822008037628
u0000758:i2870648,7.17460317460317
u0000758:i2937898,6.96812919610829
u0000758:i3294200,7.17460317460317
u0000758:i3316960,7.31520646181357
u0000758:i3442006,6.99184964575847
u0000782:i0103772,6.0826636047328
u0000782:i0452594,6.25440344340175
u0000782:i0884732,6.2080887491314
u0000782:i1294688,6.43204011367397
u0000782:i1375666,6.35428398973863
u0000782:i1504320,6.39485492208013
u0000782:i1637688,6.37663825768182
u0000782:i1638002,6.37494237751472
u0000782:i1670345,6.37230823973375
u0000782:i1675434,6.36505526640715
u0000782:i1701210,6.4046540138467
u0000782:i1726592,6.52207290247764
u0000782:i1790864,6.41189656241395
u0000782:i1872194,6.40817346049953
u0000782:i1972779,5.9994022075017
u0000782:i2084970,6.48797377351527
u0000782:i2180411,6.44448821462171
u0000782:i2381941,6.36585365853659
u0000782:i2908446,6.36585365853659
u0000782:i3079380,6.36585365853659
u0000782:i3203616,6.36585365853659
u0000782:i3477480,5.84024187807183
u0000787:i0053198,7.18571910300777
u0000787:i0054248,0
u0000787:i0119707,6.71775643745493
u0000787:i0209144,7.06668209896403
u0000787:i0368891,7.16266563165364
u0000787:i0449059,7.0268316315241
u0000787:i0477348,7.09818788692156
u0000787:i0790686,7.00575223369729
u0000787:i1210166,7.04291675637751
u0000787:i1213648,7.02061547107428
u0000787:i1219289,6.98993775463801
u0000787:i1259014,7.00355727746678
u0000836:i0322802,0
u0000836:i1881002,0
u0000836:i2011159,0
u0000863:i1850397,7.50194171834073
u0000863:i1945084,7.55172413793103
u0000863:i2788710,7.63766339489118
u0000863:i2802144,7.67775985673518
u0000863:i3181822,7.55172413793103
u0000871:i0365907,7.32112057405535
u0000871:i0455944,7.45150792108568
u0000871:i1291150,7.2039722089957
u0000871:i1528071,7.16132458383058
u0000871:i1600196,7.39644069280137
u0000871:i1649443,7.01310591447756
u0000871:i1670345,7.40225127479262
u0000871:i1877832,7.58900979186486
u0000871:i2072933,6.07374057573392
u0000871:i2101441,6.92102887747757
u0000871:i2170593,7.38576906261727
u0000871:i2172985,7.19648637580223
u0000871:i2231253,7.34146341463415
u0000871:i2267998,7.46896154222576
u0000871:i2274570,7.31506724910754
u0000871:i2333784,7.22747737141421
u0000871:i2398249,6.64611058994436
u0000871:i2446042,7.21134179427471
u0000871:i2581244,7.20960769707584
u0000871:i2692904,7.35358982742539
u0000871:i2788710,7.35052232236663
u0000871:i2870612,7.2326042648104
u0000871:i2872732,7.28293523179651
u0000871:i3416742,7.54839853892952
u0000883:i2096672,0
u0000883:i3235888,0
u0000883:i3727824,0
u0000891:i1587310,7.73586678176174
u0000891:i2267998,7.80781273293773
u0000891:i2883512,7.78958719202052
u0000919:i0470752,0
u0000919:i0816692,0
u0000919:i0831387,0
u0000919:i1065073,0
u0000919:i1109624,0
u0000919:i1126590,0
u0000919:i1566503,0
u0000919:i1713476,0
u0000919:i1726592,0
u0000919:i1742044,0
u0000919:i1790885,0
u0000919:i1837613,0
u0000919:i1847746,0
u0000919:i1980929,0
u0000919:i1981107,0
u0000919:i2013293,0
u0000919:i2015381,0
u0000919:i2017038,0
u0000919:i2042583,0
u0000919:i2084970,0
u0000919:i2103281,0
u0000919:i2172584,0
u0000919:i2179136,0
u0000919:i2209418,0
u0000919:i2209764,0
u0000919:i2305051,0
u0000919:i2321549,0
u0000919:i2345112,0
u0000919:i2347134,0
u0000919:i2359417,0
u0000919:i2404181,0
u0000919:i2404461,0
u0000919:i2562232,0
u0000919:i2567712,0
u0000919:i2582802,0
u0000919:i2582846,0
u0000919:i2752688,0
u0000919:i2870648,0
u0000919:i2872718,0
u0000919:i2872732,0
u0000919:i2883512,0
u0000919:i2920540,0
u0000919:i2937898,0
u0000919:i2980516,0
u0000919:i3074780,0
u0000919:i3169706,0
u0000919:i3316960,0
u0000919:i3409392,0
u0000919:i3636326,0
u0000987:i0816692,0
u0000987:i1392190,0
u0000987:i2084970,0
u0000987:i2802144,0
u0000987:i2911666,0
u0001020:i0092005,7.58159435706839
u0001020:i1132449,7.04398791973728
u0001020:i1655442,7.36517617479323
u0001056:i0268978,0
u0001056:i0482571,0
u0001056:i0816692,0
u0001056:i1392190,0
u0001056:i2084970,0
u0001056:i2582802,0
u0001065:i0369610,10
u0001065:i1911658,10
u0001065:i2322441,10
u0001065:i2381249,10
u0001065:i2397535,10
u0001065:i2582802,10
u0001065:i2802144,10
u0001065:i2820852,10
u0001098:i0840361,0
u0001098:i1706620,0
u0001098:i2395427,0
u0001112:i0048280,7.85617591357546
u0001112:i0838221,7.99069992418893
u0001112:i1100089,8.21682205318429
u0001112:i1708135,8.09523809523809
u0001112:i1980929,8.00903451800173
u0001112:i2039393,7.9574910300656
u0001112:i2179136,8.10321187203403
u0001112:i2235108,8.23212888832248
u0001112:i2404425,8.09523809523809
u0001112:i2726560,8.09523809523809
u0001112:i2802144,7.87686534667871
u0001112:i3062976,8.09523809523809
u0001112:i3152624,8.09523809523809
u0001112:i4246854,8.09523809523809
u0001112:i4284010,8.09523809523809
u0001115:i0112471,5.43601445420778
u0001115:i0870984,5.04811053424701
u0001115:i1020072,5.27985030690781
u0001115:i1100089,5.24105182732131
u0001115:i1334260,5.27147706280392
u0001115:i1340138,5.28571428571429
u0001115:i1528100,4.99698150171448
u0001115:i1809398,5.29196122867589
u0001115:i2084970,5.40541775134555
u0001115:i2103281,5.43013368516998
u0001115:i2322441,5.28571428571429
u0001115:i2338151,5.4869311597338
u0001115:i2713180,5.36821524895062
u0001115:i2788710,5.1861320740902
u0001115:i2980516,5.38792340360223
u0001115:i3007512,5.2322161182365
u0001115:i3316960,5.17705127522103
u0001115:i3668452,5.28571428571429
u0001115:i4078510,5.28571428571429
u0001115:i4240654,5.28571428571429
u0001115:i4458296,5.28571428571429
u0001115:i4565448,5.28571428571429
u0001145:i0478970,7.42168674698795
u0001145:i1100089,7.33258517198406
u0001145:i1340138,7.42168674698795
u0001145:i1392190,7.42168674698795
u0001145:i1638002,7.23939152315051
u0001145:i1655441,7.42168674698795
u0001145:i2084970,7.71685219343015
u0001145:i2322441,7.42168674698795
u0001145:i2360310,7.42168674698795
u0001145:i2381941,7.42168674698795
u0001145:i2582802,7.83934043060501
u0001145:i2726560,7.42168674698795
u0001145:i2802144,5.59427936950159
u0001145:i2908446,7.42168674698795
u0001145:i3622592,7.42168674698795
u0001145:i4357170,7.42168674698795
u0001157:i0055928,7.00926994631218
u0001157:i0057076,7.15432480519276
u0001157:i0058150,7.29837396103817
u0001157:i0059800,6.98591865385596
u0001157:i0061452,4.8286252354049
u0001157:i0062512,6.95811864775554
u0001157:i0064757,6.99633364356385
u0001157:i0317740,7.03435061089225
u0001157:i2126355,7
u0001157:i2179136,7.08148135777261
u0001157:i2293640,7
u0001173:i0109830,8.24899505845273
u0001173:i0416449,8.3308124172198
u0001173:i1034032,8.16125735370836
u0001173:i1086772,8.07489901407749
u0001173:i2883512,8.12889714912792
u0001173:i2938416,0
u0001183:i1148165,7.66666666666667
u0001183:i1291150,7.43096314767519
u0001183:i1823672,7.66666666666667
u0001183:i2015381,7.85551176534016
u0001183:i2395427,7.66666666666667
u0001183:i2911666,7.72848211085895
u0001183:i3244512,7.66666666666667
u0001189:i0063442,7.66102258716216
u0001189:i0065462,7.13299656863425
u0001189:i0067065,7.68359030068882
u0001189:i0068408,7.5352959803627
u0001189:i0069768,7.31975039886666
u0001189:i0144084,7.50580557070136
u0001189:i0365907,7.36952606014956
u0001189:i0397535,7.20782877664403
u0001189:i0470752,7.43506493506494
u0001189:i0816692,7.61191352240192
u0001189:i0829150,7.21156450434678
u0001189:i1029360,7.43506493506494
u0001189:i1121096,6.6534959771907
u0001189:i1204977,6.92238202204175
u0001189:i1392190,7.43506493506494
u0001189:i1403241,6.61155719268836
u0001189:i1528100,7.14565540110058
u0001189:i1600196,7.43405008070358
u0001189:i1617661,7.43506493506494
u0001189:i1661199,7.43506493506494
u0001189:i1726592,7.31160584822713
u0001189:i1823672,7.43506493506494
u0001189:i1881002,7.43506493506494
u0001189:i1951265,7.48408941039595
u0001189:i1971325,7.23053589039075
u0001189:i2096672,7.30302185251278
u0001189:i2170593,7.52725696786698
u0001189:i2179136,7.43758264697921
u0001189:i2180994,6.84967371763774
u0001189:i2231253,7.43506493506494
u0001189:i2245084,7.56509409680555
u0001189:i2267998,7.62059169582993
u0001189:i2300975,7.26646574785842
u0001189:i2305051,7.68203944549005
u0001189:i2310332,7.55738129026543
u0001189:i2321549,7.54727586555863
u0001189:i2395427,7.43506493506494
u0001189:i2397535,7.49983297645198
u0001189:i2436386,7.43506493506494
u0001189:i2446042,7.3709753106486
u0001189:i2562232,7.57611875034318
u0001189:i2788710,7.37233073299774
u0001189:i2799166,6.91088178192897
u0001189:i2820852,7.43506493506494
u0001189:i2872718,7.59925980289347
u0001189:i2872732,7.29765877899989
u0001189:i2908446,7.43506493506494
u0001189:i2911666,7.53034487890844
u0001189:i2918436,7.43506493506494
u0001189:i2960930,6.85765442531288
u0001189:i2980516,7.55319276076101
u0001189:i3025410,7.43506493506494
u0001189:i3212002,7.43506493506494
u0001189:i3235888,0
u0001189:i3316960,7.42704754546969
u0001189:i3322940,7.1117973507603
u0001189:i3612616,7.55657945958967
u0001195:i0816692,7.35666872499464
u0001195:i1690953,7.32260082603123
u0001195:i1823672,7.33333333333333
u0001195:i1872194,7.32013013398764
u0001195:i2179136,7.35368510335722
u0001195:i2267998,7.3934570353756
u0001195:i2381941,7.33333333333333
u0001195:i2395427,7.33333333333333
u0001195:i2802144,7.33333333333333
u0001195:i3011894,7.51315430717012
u0001195:i3316960,7.28053821059002
u0001232:i2245084,8.26792941428211
u0001232:i2562232,8.44219583601585
u0001232:i2582802,8.60806151222496
u0001232:i2582846,8.31839496956092
u0001238:i0405094,0
u0001238:i0964517,0
u0001238:i1772264,0
u0001238:i1798684,0
u0001244:i0114746,7.60841953205216
u0001244:i0369610,7.5
u0001244:i1091722,7.43039418899993
u0001244:i1392190,7.5
u0001244:i1638002,7.49374011011098
u0001244:i1655441,7.5
u0001244:i1956620,7.39551252649843
u0001244:i2194499,7.59233358584055
u0001244:i2224026,7.5
u0001244:i2245084,7.60085674093363
u0001244:i2357129,7.41446378661567
u0001244:i2557490,7.46961862552741
u0001244:i2872732,7.43159862512164
u0001258:i1371111,7.00200224885992
u0001258:i1421051,6.8132049548504
u0001258:i1615147,6.97273813862164
u0001258:i1714915,7.08817833036491
u0001258:i2562232,7.17606549525927
u0001258:i2872718,7.20317558713811
u0001292:i0093605,0
u0001292:i0119174,0
u0001292:i0338564,0
u0001292:i0362270,0
u0001292:i0816556,0
u0001292:i0978762,0
u0001292:i1524575,0
u0001292:i1649443,0
u0001292:i1703148,0
u0001292:i2106476,0
u0001292:i2326554,0
u0001292:i2401097,0
u0001292:i2404425,0
u0001292:i2679042,0
u0001292:i2752772,0
u0001292:i3045616,0
u0001292:i3813310,0
u0001323:i1340138,4
u0001323:i1392190,4
u0001323:i2199571,4
u0001323:i2293640,4
u0001323:i2582802,4.47811507674818
u0001323:i2802144,4.88214647667108
u0001323:i2872718,4.26688832106136
u0001323:i3504048,3.5722805882843
u0001353:i0088847,6.31022503805706
u0001353:i0104257,6.41998420647346
u0001353:i0114369,6.3681193203355
u0001353:i0118615,5.44749645531888
u0001353:i0120815,6.50416264107348
u0001353:i0172495,6.4010429755489
u0001353:i0385002,6.23458901066932
u0001353:i0399146,6.2902100520651
u0001353:i0477080,6.08497517693918
u0001353:i0488120,6.27438954617214
u0001353:i1637706,5.85799474129854
u0001353:i1743993,5.37463167799936
u0001353:i1790864,6.18166954525465
u0001353:i2267998,6.32283134215264
u0001362:i0050083,6.44806353173069
u0001362:i0103030,6.78953575411767
u0001362:i1020072,6.42247933739088
u0001362:i1499658,6.14314115207642
u0001362:i1649443,5.53404409212595
u0001362:i1698641,6.18351271632007
u0001362:i1790864,6.2065119309957
u0001362:i1791528,6.23976551362214
u0001362:i1872194,6.32412527945897
u0001362:i2084970,6.39539790580089
u0001362:i2170439,6.06165194169386
u0001362:i2179136,6.21008803007832
u0001362:i2238050,5.87341657817545
u0001362:i2305051,6.51071635970419
u0001362:i2310332,6.34751593856832
u0001362:i2321549,6.33892902082188
u0001362:i2390361,6.22573425909306
u0001362:i2446042,6.01514832426496
u0001362:i2524674,5.02135427259369
u0001362:i2718492,6.23084714784073
u0001362:i2737050,6.24482620496575
u0001362:i2784678,6.53777405653836
u0001362:i2802144,6.39938398861439
u0001362:i2980592,6.06762328097881
u0001362:i3316960,6.27194266671152
u0001362:i3442006,6.08283405409727
u0001369:i0369610,0
u0001369:i1798684,0
u0001369:i3079380,0
u0001408:i0478970,0
u0001408:i0480242,0
u0001408:i2096673,0
u0001408:i2848292,0
u0001409:i0478970,0
u0001409:i1024648,0
u0001409:i2179136,0
u0001409:i2199571,0
u0001409:i2381249,0
u0001417:i1100089,7.31539781048872
u0001417:i1398426,7.25
u0001417:i2293640,7.25
u0001417:i2883512,7.27490059803422
u0001417:i3660770,7.25
u0001450:i0095016,7.82658643906105
u0001450:i0105104,8.23021588221437
u0001450:i0109446,8.10392342870905
u0001450:i0114369,8.02250245287666
u0001450:i0118647,7.77960526315789
u0001450:i0120689,8.09293368069563
u0001450:i0120815,8.01245394768741
u0001450:i0212985,7.85179553776647
u0001450:i0242423,7.94539210648765
u0001450:i0250258,7.9302882186074
u0001450:i0253474,7.94394352961434
u0001450:i0268126,7.80420763022411
u0001450:i0284490,7.38256480348094
u0001450:i0307479,7.82377642518745
u0001450:i0365907,7.67845114127347
u0001450:i0382077,7.67544597975116
u0001450:i0384680,7.40444416626535
u0001450:i0431197,7.90701857557823
u0001450:i0443272,7.84356493750939
u0001450:i0443274,7.91566029704453
u0001450:i0465142,9.39304915372075
u0001450:i0478304,7.75785934017369
u0001450:i0795351,7.44366416200699
u0001450:i0804522,7.45032134320967
u0001450:i0816692,8.05231786186795
u0001450:i0878804,7.97737621087043
u0001450:i1130884,8.02761282047942
u0001450:i1156398,7.91882555028755
u0001450:i1243957,7.93723254655762
u0001450:i1284575,7.71984091796428
u0001450:i1345836,7.84287910327587
u0001450:i1542344,8.01081687663836
u0001450:i1637725,7.88456581304599
u0001450:i1724966,7.84210526315789
u0001450:i1809398,7.84097174754133
u0001450:i1872194,7.84330699310228
u0001450:i2039393,7.54579103898686
u0001450:i2084970,7.9995714422474
u0001450:i2208568,0
u0001450:i2267998,8.02842929652654
u0001450:i2279373,7.84210526315789
u0001450:i2345737,7.73121301942678
u0001450:i2402157,7.67367458671676
u0001450:i2637276,7.84210526315789
u0001450:i2713180,7.88905963439539
u0001450:i2802144,7.29419709654429
u0001450:i2870612,7.77953390353228
u0001450:i2911666,7.93483933661776
u0001450:i2980516,7.88021096432559
u0001450:i3042408,7.94279970760234
u0001455:i0117060,10
u0001455:i0120755,10
u0001455:i0317919,10
u0001455:i0458481,10
u0001455:i0790628,10
u0001455:i0829150,10
u0001455:i1253863,10
u0001455:i1267297,10
u0001455:i1490017,10
u0001455:i1538403,10
u0001455:i1670345,10
u0001455:i1840309,10
u0001455:i1872181,10
u0001455:i2103281,10
u0001455:i2109248,10
u0001455:i2281587,10
u0001455:i2333784,10
u0001455:i2390237,10
u0001455:i2713180,10
u0001455:i3097204,10
u0001455:i3099498,10
u0001468:i1790864,8.02620252857184
u0001468:i1853728,8.08650608268769
u0001468:i2245084,8.1815509808552
u0001468:i2267998,8.17151064045603
u0001492:i0052357,6.92740408895282
u0001492:i0061328,6.75
u0001492:i0080749,7.00180503449635
u0001492:i0167404,6.98104444461026
u0001492:i0217869,6.82878525281243
u0001492:i0421054,6.7843175804416
u0001492:i0481369,6.25661721544101
u0001492:i0816692,6.88102654598527
u0001492:i1568338,6.71504240199863
u0001492:i2345737,6.67792866702969
u0001505:i0104237,6.55555555555556
u0001505:i0119094,6.57034775546591
u0001505:i0241303,6.57596352313013
u0001505:i0376136,6.40364828924158
u0001505:i0423977,6.64235055875224
u0001505:i0482088,6.3954895489549
u0001505:i1480656,6.36707727614591
u0001505:i1706620,6.49027242013532
u0001505:i2381941,6.55555555555556
u0001505:i2479800,6.71996010673751
u0001505:i2639254,0
u0001505:i2726560,6.55555555555556
u0001505:i2923316,6.55555555555556
u0001505:i2965412,0
u0001516:i0758758,8
u0001516:i1263750,8
u0001516:i1733105,8
u0001516:i2278388,8
u0001516:i2334873,8
u0001516:i2562232,8
u0001516:i2980516,8
u0001529:i0070034,6.86329454877413
u0001529:i0070917,6.43439209357707
u0001529:i0071230,6.51944149444204
u0001529:i0082198,6.2014831483151
u0001529:i0082340,6.60284936323826
u0001529:i0082971,6.61633997942649
u0001529:i0083944,6.56436038633581
u0001529:i0084522,6.63607768325142
u0001529:i0087469,6.37734967332366
u0001529:i0089880,6.18835008449013
u0001529:i0093870,6.58949224523201
u0001529:i0095956,6.15208919792635
u0001529:i0097576,6.64641590569611
u0001529:i0097659,6.11066699324295
u0001529:i0100502,6.22898271073507
u0001529:i0101540,6.47255820050265
u0001529:i0102926,6.56866171023005
u0001529:i0105112,6.22948579971659
u0001529:i0106489,6.56397644323598
u0001529:i0107978,5.83915378351753
u0001529:i0112384,6.57276512656437
u0001529:i0114214,6.25941757897109
u0001529:i0119396,6.4871683834833
u0001529:i0120891,5.62513165693282
u0001529:i0134119,6.54907704478298
u0001529:i0142342,6.37878798948632
u0001529:i0146316,6.16788565167673
u0001529:i0215750,6.47105602811327
u0001529:i0241527,6.35900902647657
u0001529:i0252299,0
u0001529:i0258463,6.53124007490046
u0001529:i0295297,6.40224847231663
u0001529:i0314353,6.45016445001927
u0001529:i0320661,6.44425083648351
u0001529:i0325703,5.93342769581199
u0001529:i0343818,6.45368188336047
u0001529:i0367882,6.28943530887882
u0001529:i0371746,6.59253252681352
u0001529:i0372183,6.6890582842418
u0001529:i0387131,6.34010513444709
u0001529:i0388482,6.16421453916709
u0001529:i0417741,6.53150189195649
u0001529:i0421073,6.21733200220157
u0001529:i0421206,6.28333422863748
u0001529:i0430105,6.19414366287599
u0001529:i0440963,6.63451721769913
u0001529:i0442933,5.89863285372843
u0001529:i0462200,6.48907226690399
u0001529:i0472043,6.5736489217445
u0001529:i0472399,6.18606424812099
u0001529:i0478970,6.38666666666667
u0001529:i0479884,6.10488621122606
u0001529:i0787475,6.26069450779744
u0001529:i0800039,6.39281430971531
u0001529:i0804463,6.29523250751013
u0001529:i0848228,6.53970035357703
u0001529:i0892899,6.15506214399117
u0001529:i0942385,6.46991547434797
u0001529:i0964517,6.4795521213625
u0001529:i1060277,6.37657132117681
u0001529:i1100089,6.42491115662995
u0001529:i1121931,6.0714997612126
u0001529:i1129442,5.79229847560214
u0001529:i1183911,6.53774083671077
u0001529:i1201607,6.54562154969934
u0001529:i1217613,6.04987759603181
u0001529:i1318514,6.49812144785501
u0001529:i1456635,6.25303520244043
u0001529:i1491044,6.416684622098
u0001529:i1528100,6.13181271452263
u0001529:i1591479,6.41432572437367
u0001529:i1600196,6.41703998995131
u0001529:i1709143,6.0224079629998
u0001529:i1809398,6.45000097317133
u0001529:i1870425,5.77137921670299
u0001529:i1972571,6.3947432975681
u0001529:i1976000,6.28575541662306
u0001529:i1989674,6.38666666666667
u0001529:i2024544,6.65336409802324
u0001529:i2061712,6.08153419606861
u0001529:i2062996,6.87264542332999
u0001529:i2103281,6.54641238817971
u0001529:i2209764,6.24148393064736
u0001529:i2345737,6.19599469244984
u0001529:i2402085,8.61559238046717
u0001529:i2409300,6.01043164448761
u0001529:i2446042,6.29009374581311
u0001529:i2446600,7.14177992579708
u0001529:i2557490,6.14404260074696
u0001529:i2567712,6.51217517243672
u0001529:i2582802,6.58871364239215
u0001529:i2614684,6.50183331244871
u0001529:i2713180,6.47480859326153
u0001529:i2872718,6.56054175708742
u0001529:i2911666,6.43403599077915
u0001529:i3097204,6.30853290638285
u0001529:i3549508,6.93208221360941
u0001529:i3625152,6.38666666666667
u0001540:i1398426,0
u0001540:i2820852,0
u0001540:i2848292,0
u0001541:i0323033,6
u0001541:i0413267,6
u0001541:i2310332,6
u0001544:i0070902,6.09677419354839
u0001544:i0078748,6.33323947684876
u0001544:i0106489,6.30477478092266
u0001544:i0119008,6.27069099290878
u0001544:i0120586,6.37771671036706
u0001544:i0264464,6.23778286871326
u0001544:i0289765,6.1223082668083
u0001544:i0360717,5.99310257833941
u0001544:i0393109,6.08393919545778
u0001544:i0430105,6.07367503027348
u0001544:i0455944,6.05942732519531
u0001544:i0816692,6.26726669526786
u0001544:i0840361,6.18569776501444
u0001544:i1176726,0
u0001544:i1190536,6.26682400324486
u0001544:i1216491,6.09521797971007
u0001544:i1247690,5.28083403644139
u0001544:i1297919,5.91945522993783
u0001544:i1392214,6.22738393989243
u0001544:i1609479,6.05970646762171
u0001544:i1726592,5.90505448424145
u0001544:i2179136,6.26934215361183
u0001544:i2231253,6.09677419354839
u0001544:i2368553,6.09060986820713
u0001544:i2377322,5.96432020537513
u0001544:i2395199,5.12534776580948
u0001544:i2402085,3.40123672935067
u0001544:i2402157,5.93568405494667
u0001544:i2452200,6.09864247212794
u0001544:i2515030,4.54821169289757
u0001544:i2582802,6.34825023295038
u0001544:i2713180,6.18842734306311
u0001544:i2872718,6.22990774343846
u0001544:i2911666,6.15808239341958
u0001544:i2937898,6.25754985232092
u0001544:i2980648,6.1086986801015
u0001544:i3007512,5.99412131654257
u0001544:i3399024,5.73088338012991
u0001544:i3480796,5.71061743264802
u0001544:i3776288,6.68115563552773
u0001544:i4257858,6.09677419354839
u0001550:i0013442,7.72679816356155
u0001550:i0040522,7.82535600109896
u0001550:i0045152,7.59821381559534
u0001550:i0046912,7.70825792570323
u0001550:i0047396,7.89100904032212
u0001550:i0048545,7.5312875937483
u0001550:i0058150,7.99124445030193
u0001550:i0062622,7.91573101154684
u0001550:i0068505,7.70021763403195
u0001550:i0073582,7.85283706450748
u0001550:i0075968,7.91825044194055
u0001550:i0082694,7.84206051217892
u0001550:i0082971,7.87128220925784
u0001550:i0083658,7.70657930670085
u0001550:i0088194,6.85480602028607
u0001550:i0102926,7.89866184691882
u0001550:i0105236,7.80088637993713
u0001550:i0109506,7.91382341173804
u0001550:i0111257,7.80711098830694
u0001550:i0112697,7.46286732611659
u0001550:i0114369,7.87653629628802
u0001550:i0114746,7.67406271267793
u0001550:i0114814,7.75904768122914
u0001550:i0120185,3.35469283988082
u0001550:i0129167,7.82712519205718
u0001550:i0181689,7.66632708371837
u0001550:i0211915,7.78565521392721
u0001550:i0219653,6.25707907673954
u0001550:i0245429,7.92965138106055
u0001550:i0368226,5.87664212499134
u0001550:i0446029,7.77222595076891
u0001550:i0470752,7.54782608695652
u0001550:i0478970,7.54782608695652
u0001550:i1156398,7.56522427728958
u0001550:i1340138,7.54782608695652
u0001550:i1392190,7.54782608695652
u0001550:i1441395,7.35590026791749
u0001550:i1617661,7.54782608695652
u0001550:i1638355,7.54782608695652
u0001550:i2096673,7.54782608695652
u0001550:i2145829,7.54782608695652
u0001550:i2305051,7.73319775412422
u0001550:i2395427,7.54782608695652
u0001550:i2639254,0
u0001550:i2802144,5.52847133106332
u0001550:i2870708,7.59070770121328
u0001550:i2911666,7.53583978180343
u0001550:i4257858,7.54782608695652
u0001555:i0066921,0
u0001555:i0079501,0
u0001555:i0080120,0
u0001555:i0081505,0
u0001555:i0082677,0
u0001555:i0082694,0
u0001555:i0084649,0
u0001555:i0085333,0
u0001555:i0087544,0
u0001555:i0087800,0
u0001555:i0089530,0
u0001555:i0089686,0
u0001555:i0092067,0
u0001555:i0094625,0
u0001555:i0095327,0
u0001555:i0096256,0
u0001555:i0096283,0
u0001555:i0097814,0
u0001555:i0102685,0
u0001555:i0104652,0
u0001555:i0105236,0
u0001555:i0106364,0
u0001555:i0107290,0
u0001555:i0113568,0
u0001555:i0114814,0
u0001555:i0119282,0
u0001555:i0119567,0
u0001555:i0119698,0
u0001555:i0120917,0
u0001555:i0133240,0
u0001555:i0138749,0
u0001555:i0163025,0
u0001555:i0166813,0
u0001555:i0169858,0
u0001555:i0181875,0
u0001555:i0212720,0
u0001555:i0230011,0
u0001555:i0245429,0
u0001555:i0275277,0
u0001555:i0275847,0
u0001555:i0287978,0
u0001555:i0328880,0
u0001555:i0347149,0
u0001555:i0347246,0
u0001555:i0369610,0
u0001555:i0385752,0
u0001555:i0454876,0
u0001555:i0470752,0
u0001555:i0478970,0
u0001555:i0485947,0
u0001555:i0816692,0
u0001555:i0860907,0
u0001555:i1105263,0
u0001555:i1219342,0
u0001555:i1276104,0
u0001555:i1392190,0
u0001555:i1474276,0
u0001555:i1483013,0
u0001555:i1490017,0
u0001555:i1534085,0
u0001555:i1535108,0
u0001555:i1568921,0
u0001555:i1631867,0
u0001555:i1800241,0
u0001555:i1823672,0
u0001555:i1899353,0
u0001555:i2013293,0
u0001555:i2072230,0
u0001555:i2096673,0
u0001555:i2245084,0
u0001555:i2321549,0
u0001555:i2395427,0
u0001555:i2713180,0
u0001555:i2784678,0
u0001555:i2802144,0
u0001555:i2820852,0
u0001555:i2910814,0
u0001555:i2911666,0
u0001555:i3235888,0
u0001555:i3398268,0
u0001555:i3813310,0
u0001555:i3819668,0
u0001556:i0369610,7.35135135135135
u0001556:i0884732,7.42327106249571
u0001556:i1029360,7.35135135135135
u0001556:i1674771,7.35135135135135
u0001556:i2179136,7.4898061399869
u0001556:i2293640,7.35135135135135
u0001556:i2381941,7.35135135135135
u0001556:i2395427,7.35135135135135
u0001556:i3233418,7.35135135135135
u0001557:i2322441,7.5
u0001557:i2802144,8.5034804809405
u0001557:i2820852,7.5
u0001591:i0073486,7.74606725617186
u0001591:i0087332,7.70836748805009
u0001591:i0108052,7.82747219502597
u0001591:i0111161,7.72044101964341
u0001591:i0120787,7.39406951414054
u0001591:i0256009,7.64646612670888
u0001591:i0369610,7.48571428571429
u0001591:i1081975,0
u0001591:i2096673,7.48571428571429
u0001591:i2381249,7.48571428571429
u0001591:i2395427,7.48571428571429
u0001591:i2402101,7.48571428571429
u0001591:i2446042,7.34994450383759
u0001591:i2944454,7.32384859764642
u0001591:i2980516,7.62007480979957
u0001591:i3007512,7.47127179006518
u0001591:i3622592,7.48571428571429
u0001632:i0369610,0
u0001632:i0478970,0
u0001632:i1781922,0
u0001632:i1823672,0
u0001632:i1964418,0
u0001632:i2096673,0
u0001632:i2126355,0
u0001632:i2273657,0
u0001632:i2395427,0
u0001632:i2820852,0
u0001632:i3007512,0
u0001699:i0378793,6.89440877777543
u0001699:i0470752,6.875
u0001699:i0816692,7.12445806518818
u0001699:i1020072,7.04941016766557
u0001699:i1100089,6.70509196508364
u0001699:i1392190,6.875
u0001699:i1655441,6.875
u0001699:i1666801,6.875
u0001699:i1810683,6.875
u0001699:i1865505,6.875
u0001699:i1872194,7.00772897063156
u0001699:i1924435,6.74051257024237
u0001699:i2042568,6.88582199515056
u0001699:i2084970,7.10505466397822
u0001699:i2179136,6.92014344587852
u0001699:i2275946,7.03919847652798
u0001699:i2305051,7.08780364773087
u0001699:i2404425,6.875
u0001699:i2562232,7.06909499708625
u0001699:i2614684,7.05122713647315
u0001699:i2713180,6.96504941574955
u0001699:i2726560,6.875
u0001699:i2737050,6.97005946668303
u0001699:i2785032,7.11914298160593
u0001699:i2788710,6.75478113761411
u0001699:i2802144,7.0325574218937
u0001699:i2820852,6.875
u0001699:i2872718,7.1178631629756
u0001699:i2872750,6.875
u0001699:i2935476,6.875
u0001699:i2962876,6.875
u0001699:i3007512,6.99928819261894
u0001699:i3316960,7.04474367101969
u0001700:i0317248,6.62491602543287
u0001700:i1206543,6.30279496752106
u0001700:i2170439,6.28893002834899
u0001700:i2446042,6.20661966106675
u0001700:i2713180,6.54587572979412
u0001700:i2802144,4.52069893342236
u0001750:i0079817,0
u0001750:i0089927,0
u0001750:i0112461,0
u0001750:i0112641,0
u0001750:i0120148,0
u0001750:i0882977,0
u0001750:i0910936,0
u0001750:i1229340,0
u0001750:i1800241,0
u0001750:i2004420,0
u0001792:i0369610,7.7037037037037
u0001792:i0478970,7.7037037037037
u0001792:i1392190,7.7037037037037
u0001792:i1809398,7.69462375350221
u0001792:i2084970,7.99464556776099
u0001792:i2381249,7.7037037037037
u0001792:i3745620,8.15346945790644
u0001826:i0092982,0
u0001826:i0094608,0
u0001826:i0098625,0
u0001826:i0133385,0
u0001826:i0351283,0
u0001826:i0411477,0
u0001826:i0434409,0
u0001826:i0452623,0
u0001826:i0470752,0
u0001826:i2802144,0
u0001858:i0470752,6.89189189189189
u0001858:i0816692,6.95759453656599
u0001858:i1029360,6.89189189189189
u0001858:i1392190,6.89189189189189
u0001858:i1781922,6.89189189189189
u0001858:i2126355,6.89189189189189
u0001858:i2381941,6.89189189189189
u0001858:i2494280,6.68191137101887
u0001858:i2679042,6.89189189189189
u0001858:i2918436,6.89189189189189
u0001879:i1014763,6.97058823529412
u0001879:i1020072,7.04863464197132
u0001879:i1189340,7.05421180093098
u0001879:i1247690,6.39240462672331
u0001879:i1392190,6.97058823529412
u0001879:i1661820,6.97058823529412
u0001879:i1781922,6.97058823529412
u0001879:i1964418,6.97058823529412
u0001879:i2088003,6.97058823529412
u0001879:i2126355,6.97058823529412
u0001879:i2179136,7.1017778207606
u0001879:i2199571,6.97058823529412
u0001879:i2376218,6.97058823529412
u0001879:i2381249,6.97058823529412
u0001879:i2395427,6.97058823529412
u0001879:i2446042,6.84631922127935
u0001879:i2493486,6.97058823529412
u0001879:i2515034,6.97058823529412
u0001879:i2802144,6.52455268389048
u0001879:i2820852,6.97058823529412
u0001879:i2917388,6.97058823529412
u0001879:i3029476,6.97058823529412
u0001879:i3247714,6.97058823529412
u0001879:i3321300,6.97058823529412
u0001879:i3672840,6.97058823529412
u0001879:i3863552,6.97058823529412
u0001891:i0110912,8.22428857880187
u0001891:i0111161,8.2114841500717
u0001891:i0119008,7.99170309313885
u0001891:i0404032,7.9980799548527
u0001891:i0470752,7.88235294117647
u0001891:i0478970,7.88235294117647
u0001891:i0816692,8.16127269489185
u0001891:i0884732,7.75527014079083
u0001891:i1014763,7.88235294117647
u0001891:i1065073,8.08083602597651
u0001891:i1392190,7.88235294117647
u0001891:i1638355,7.88235294117647
u0001891:i1726592,7.60346242709388
u0001891:i1772264,7.70420287045184
u0001891:i1823672,7.88235294117647
u0001891:i1872194,8.01406112044669
u0001891:i1951265,7.8863942483064
u0001891:i2084970,8.08217831742199
u0001891:i2096673,7.88235294117647
u0001891:i2097298,7.88235294117647
u0001891:i2126355,7.88235294117647
u0001891:i2179136,8.05309992161622
u0001891:i2199571,7.88235294117647
u0001891:i2273657,7.88235294117647
u0001891:i2321549,7.80478691220178
u0001891:i2381249,7.88235294117647
u0001891:i2381941,7.88235294117647
u0001891:i2395427,7.88235294117647
u0001891:i2562232,8.14195706639214
u0001891:i2582802,8.16963010307998
u0001891:i2802144,8.21078887236395
u0001891:i2980516,8.14616884324961
u0001891:i2980592,7.68034060184397
u0001891:i3713166,7.88235294117647
u0001891:i4178092,7.88235294117647
u0001905:i0478970,7.4
u0001905:i2199571,7.4
u0001905:i2637276,7.4
u0001905:i2692250,7.27564835955792
u0001910:i0054215,0
u0001910:i0076759,0
u0001910:i0080684,0
u0001910:i0083658,0
u0001910:i0086190,0
u0001910:i0088847,0
u0001910:i0120731,0
u0001910:i0120915,0
u0001910:i0121765,0
u0001910:i0121766,0
u0001910:i0253474,0
u0001910:i0364569,0
u0001910:i0469494,0
u0001910:i0756683,0
u0001910:i1126590,0
u0001910:i1182345,0
u0001910:i1255953,0
u0001910:i1258197,0
u0001910:i1307068,0
u0001910:i1392190,0
u0001910:i1638355,0
u0001910:i1655441,0
u0001910:i1823672,0
u0001910:i1832382,0
u0001910:i2234003,0
u0001910:i2321549,0
u0001910:i2326554,0
u0001910:i2718492,0
u0001910:i3612616,0
u0001920:i0401792,7.04856538929673
u0001920:i0434409,7.09698670136853
u0001920:i0443706,7.03411515027142
u0001920:i0976051,6.94913850310197
u0001920:i1196948,6.82978989778342
u0001920:i1355630,6.76838706923912
u0001920:i1392214,7.00543305947964
u0001920:i1528100,6.57061133417602
u0001920:i1568346,7.00651524732587
u0001920:i1631867,7.00518909779958
u0001920:i1911658,6.70354609095941
u0001920:i1924435,6.72970058437733
u0001920:i2245084,7.03070470952668
u0001920:i2310332,6.93427309636754
u0001920:i2562232,6.99716086727321
u0001920:i2908446,6.8755364806867
u0001920:i2980516,7.07390234796526
u0001930:i0114369,0
u0001930:i0120338,0
u0001930:i0171804,0
u0001930:i0190590,0
u0001930:i0209144,0
u0001930:i0330793,0
u0001930:i0372784,0
u0001930:i0381849,0
u0001930:i0408790,0
u0001930:i0468569,0
u0001930:i0475276,0
u0001930:i0478970,0
u0001930:i0762107,0
u0001930:i0926762,0
u0001930:i0942385,0
u0001930:i1032755,0
u0001930:i1041829,0
u0001930:i1053810,0
u0001930:i1086772,0
u0001930:i1205537,0
u0001930:i1211956,0
u0001930:i1212450,0
u0001930:i1250777,0
u0001930:i1258197,0
u0001930:i1291150,0
u0001930:i1291584,0
u0001930:i1345836,0
u0001930:i1392190,0
u0001930:i1535109,0
u0001930:i1591095,0
u0001930:i1650554,0
u0001930:i1670345,0
u0001930:i1907668,0
u0001930:i1951261,0
u0001930:i1980929,0
u0001930:i2082197,0
u0001930:i2106361,0
u0001930:i2176013,0
u0001930:i2226417,0
u0001930:i2231253,0
u0001930:i2309260,0
u0001930:i2461132,0
u0001930:i2493486,0
u0001930:i2561572,0
u0001930:i2802144,0
u0001930:i2820852,0
u0001930:i2883512,0
u0001930:i2991296,0
u0001930:i3011894,0
u0001930:i3042408,0
u0001930:i3079380,0
u0001930:i3203616,0
u0001930:i3863552,0
u0001931:i0304141,8.0286984769192
u0001931:i0369610,7.74358974358974
u0001931:i0373889,7.96107037058921
u0001931:i0417741,7.99644926067915
u0001931:i0829150,7.38033790616558
u0001931:i1065073,8.01147603324431
u0001931:i1126590,7.86218329246075
u0001931:i1392190,7.74358974358974
u0001931:i1661199,7.74358974358974
u0001931:i1798684,7.74358974358974
u0001931:i2084970,7.99895871156378
u0001931:i2096673,7.74358974358974
u0001931:i2179136,7.88993258966702
u0001931:i2180411,7.49122219276026
u0001931:i2273657,7.74358974358974
u0001931:i2381941,7.74358974358974
u0001931:i2395427,7.74358974358974
u0001931:i2582496,7.74358974358974
u0001931:i2582802,8.12875276529315
u0001931:i2802144,7.91578371163955
u0001931:i2820852,7.74358974358974
u0001931:i2872732,7.46307054507223
u0001931:i2980516,7.93849104740897
u0001931:i3316960,8.00094198635634
u0001931:i3717532,7.74358974358974
u0001947:i0369610,9
u0001947:i1735898,9
u0001947:i2395427,9
u0001957:i1661199,7.51351351351351
u0001957:i2381941,7.51351351351351
u0001957:i2802144,5.16576794714013
u0001957:i2820852,7.51351351351351
u0001967:i0109506,8.09564190684595
u0001967:i0372784,8.30165434730215
u0001967:i0455944,8.21773180443763
u0001967:i1065073,8.20699893517325
u0001967:i1392190,8.25
u0001967:i1655441,8.25
u0001967:i1971325,8.28530782234579
u0001967:i2268458,8.21394850364288
u0001967:i2397535,8.19614922080429
u0001967:i2562232,8.28879824303617
u0001967:i2582802,8.24260414211042
u0001967:i2692904,8.21616375512057
u0001967:i2713180,8.20278682655229
u0001967:i2980516,8.20586376598956
u0001973:i2179136,5.81171112346681
u0001973:i2339741,5.528218416453
u0001973:i2381941,5.8
u0001973:i2582802,5.65573577097056
u0001973:i3235888,0
u0001991:i0099685,8.84369467338122
u0001991:i0117060,8.4493149558203
u0001991:i0120815,8.64960654696732
u0001991:i0167404,8.82015291505539
u0001991:i0317919,8.67085589089647
u0001991:i0763831,8.0891981562785
u0001991:i0988045,8.62700020429801
u0001991:i1229238,8.65590762887713
u0001991:i1397280,8.59138220124193
u0001991:i1515091,8.64747666149447
u0001991:i2084970,8.54010453828587
u0001991:i2179136,8.60493501022407
u0001991:i2184339,8.67835516642117
u0001991:i2310332,8.62818834602872
u0001991:i2562232,8.47396742907532
u0001991:i4009460,8.64285714285714
u0001994:i2192016,7.4709435169205
u0001994:i2305051,7.06037366368317
u0001994:i2465578,7.49590867072914
u0001994:i2556936,7.04347826086957
u0001994:i2562232,7.2096914939794
u0001994:i2936180,0
u0001994:i2967006,7.09929984569158
u0001994:i2980648,7.05972996525124
u0001994:i3316960,7.18049678995825
u0001994:i3360038,7.04347826086957
u0002008:i1791682,9.80864197836551
u0002008:i2381249,9.61224489795918
u0002008:i2395427,9.61224489795918
u0002008:i2404425,9.61224489795918
u0002008:i2679042,9.61224489795918
u0002008:i2848292,9.61224489795918
u0002008:i3316960,9.58945797523358
u0002014:i0825236,6.8
u0002014:i1255953,6.96786354452531
u0002014:i1327628,6.9263440860215
u0002014:i1392214,6.84333871938501
u0002014:i1605717,6.82479334707604
u0002014:i2106671,6.8
u0002014:i3007512,6.82276504236115
u0002014:i3646462,6.531
u0002029:i0862467,9.1761240478412
u0002029:i1216491,9.35433520409185
u0002029:i1626146,9.55781772388234
u0002029:i2084970,9.63146074223706
u0002029:i2194499,9.57358596964207
u0002029:i2245084,9.57405483864561
u0002029:i2278388,9.63714932749822
u0002029:i2562232,9.72822967535949
u0002029:i2872718,9.64481455390988
u0002029:i2872732,9.55025212577412
u0002029:i2884206,9.53025632149358
u0002029:i2980516,9.61750994703924
u0002036:i0045152,6.82418538429063
u0002036:i0090264,6.72434331438445
u0002036:i0106761,5.78091281117599
u0002036:i0110989,6.54717628038346
u0002036:i0397892,6.59927997796724
u0002036:i0477347,6.60790750043374
u0002036:i0478970,6.57692307692308
u0002036:i0816692,6.80532230168378
u0002036:i0829150,6.30393129605503
u0002036:i1078912,5.94964260749411
u0002036:i1109624,6.83297585744942
u0002036:i1121096,5.99601679519442
u0002036:i1197624,6.66464559816304
u0002036:i1285016,6.6605476022523
u0002036:i1311071,6.38685481592151
u0002036:i1392190,6.57692307692308
u0002036:i1502712,6.57692307692308
u0002036:i1528100,6.24990421652978
u0002036:i1542344,6.70692506243796
u0002036:i1552224,5.60774761360045
u0002036:i1617661,6.57692307692308
u0002036:i1638355,6.57692307692308
u0002036:i1640711,5.87578668029963
u0002036:i1809398,6.59760343079218
u0002036:i1815862,6.0703712981206
u0002036:i1838603,6.59898233784695
u0002036:i1929433,6.57692307692308
u0002036:i1930546,6.13055661307517
u0002036:i1951265,6.47529448139855
u0002036:i2004420,6.36965871590279
u0002036:i2084970,6.72584098793997
u0002036:i2103254,6.04755125317492
u0002036:i2103281,6.78445666919792
u0002036:i2199571,6.57692307692308
u0002036:i2224026,6.57692307692308
u0002036:i2245084,6.69677964753718
u0002036:i2381249,6.57692307692308
u0002036:i2395427,6.57692307692308
u0002036:i2404425,6.57692307692308
u0002036:i2452200,6.52458487151137
u0002036:i2555736,6.57692307692308
u0002036:i2562232,6.77473365631175
u0002036:i2692250,6.34885051693904
u0002036:i2713180,6.69201106138046
u0002036:i2802144,4.89231929032638
u0002036:i2820852,6.57692307692308
u0002036:i2870756,6.529106778477
u0002036:i2923316,6.57692307692308
u0002036:i2980516,6.71242695354371
u0002036:i2980592,6.50973778850048
u0002036:i2980648,6.66100814778803
u0002036:i3029556,5.72419989677955
u0002036:i3079380,6.57692307692308
u0002036:i3398268,6.56950955323641
u0002036:i4296186,6.57692307692308
u0002036:i4310772,6.57692307692308
u0002036:i4409852,6.57692307692308
u0002036:i4483094,6.57692307692308
u0002044:i0120735,9
u0002044:i1291584,9
u0002044:i2397535,9
u0002044:i2473602,9
u0002044:i2866360,9
u0002044:i2883512,9
u0002044:i2980516,9
u0002059:i1502712,7.42857142857143
u0002059:i1528100,7.35752346387456
u0002059:i1959490,7.2574996392094
u0002059:i2096673,7.42857142857143
u0002059:i2103281,7.52543242806587
u0002059:i2802144,6.70341290502797
u0002071:i1638002,0
u0002071:i2096673,0
u0002071:i2224026,0
u0002071:i2908446,0
u0002082:i0328107,6.67294380291174
u0002082:i1809398,6.61147522793166
u0002082:i1872194,6.55839461590202
u0002082:i2199571,6.5
u0002082:i3235888,0
u0002088:i0120737,8.15392222369952
u0002088:i0123755,7.98539300018548
u0002088:i0372784,8.12209415236084
u0002088:i0434409,8.00376370033112
u0002088:i0816692,8.01222186754144
u0002088:i0884732,8.10703420703674
u0002088:i1345836,8.04087689896429
u0002088:i1375666,8.04893284593631
u0002088:i1392190,7.96296296296296
u0002088:i1600196,7.94284071081788
u0002088:i1780798,7.96296296296296
u0002088:i1798684,7.96296296296296
u0002088:i1843866,8.09797463222624
u0002088:i1850397,8.25233761048325
u0002088:i1924435,7.93900199293062
u0002088:i1951265,7.93504851020733
u0002088:i2381249,7.96296296296296
u0002088:i2381941,7.96296296296296
u0002088:i2515034,7.96296296296296
u0002088:i2561572,7.96296296296296
u0002088:i2785032,7.54390484252238
u0002088:i2788710,7.98172490262449
u0002088:i2802144,8.12644501021854
u0002088:i2908446,7.96296296296296
u0002088:i3195644,7.96296296296296
u0002091:i0470752,0
u0002091:i3593666,0
u0002091:i4382552,0
u0002094:i0120586,5.98561784668432
u0002094:i0120737,6.00114813729557
u0002094:i0167260,5.62769358101163
u0002094:i0167261,5.85157060346693
u0002094:i1491044,6.068844127885
u0002094:i1499658,6.2498026496257
u0002094:i1853728,5.98541134346549
u0002094:i2024469,6.16503720988433
u0002094:i2170439,6.33072959713508
u0002094:i2381941,6.11111111111111
u0002102:i0264464,7.08679987089357
u0002102:i0816692,7.15185040307215
u0002102:i1189340,7.01067596993053
u0002102:i1667310,6.49863943976761
u0002102:i1924396,6.95551350604271
u0002102:i2084970,7.01928968101905
u0002102:i2096672,6.54455876326826
u0002102:i2278388,7.09309749066246
u0002102:i2369135,6.74355991457976
u0002102:i2381941,6.83333333333333
u0002102:i2446042,6.54275552607665
u0002102:i2477930,6.83333333333333
u0002102:i2802144,7.09619988803433
u0002102:i2872718,7.13949787521562
u0002102:i2980516,6.99389989993578
u0002102:i3045616,6.83333333333333
u0002116:i1185416,6.85922975460779
u0002116:i1198156,6.96083950918968
u0002116:i1307068,7.1815108975666
u0002116:i1355630,7.02842377202095
u0002116:i1555064,7.0176078643047
u0002116:i1617661,7.09090909090909
u0002116:i1649780,7.42609423878473
u0002116:i1661199,7.09090909090909
u0002116:i1666801,7.09090909090909
u0002116:i1698641,7.06190406717115
u0002116:i1714206,7.07507867304298
u0002116:i1790864,7.13482597317919
u0002116:i1972779,7.08967546718117
u0002116:i2055765,6.94479034968706
u0002116:i2180411,7.13192500525868
u0002116:i2194499,7.15869588969702
u0002116:i2268016,7.09090909090909
u0002116:i2305051,7.27678756358887
u0002116:i2378281,7.07224134273219
u0002116:i2398249,6.75164950661639
u0002116:i2463288,6.95944629315401
u0002116:i2626350,6.99566113346389
u0002116:i2717860,6.9978705837976
u0002116:i2848292,7.09090909090909
u0002116:i2870808,5.51988966969708
u0002116:i2883512,7.12352892574528
u0002116:i2908446,7.09090909090909
u0002116:i3014666,6.70957879867414
u0002116:i3079380,7.09090909090909
u0002116:i3120054,7.09090909090909
u0002116:i3137764,7.09090909090909
u0002116:i3289712,7.09090909090909
u0002116:i3622592,7.09090909090909
u0002116:i4007502,7.09090909090909
u0002120:i0091042,7.16526377548496
u0002120:i0369610,7.13333333333333
u0002120:i1706620,7.19239937811609
u0002120:i1823672,7.13333333333333
u0002120:i2106476,7.236764149033
u0002120:i2562232,7.13156034333486
u0002120:i2637276,7.13333333333333
u0002120:i2802144,6.43760723129663
u0002146:i0458352,6.94085851837219
u0002146:i1535438,6.83167876250855
u0002146:i1598822,6.93071848055451
u0002146:i1655441,6.96428571428571
u0002146:i2726560,6.96428571428571
u0002146:i2870648,6.96428571428571
u0002146:i2935476,6.96428571428571
u0002146:i3459906,6.96428571428571
u0002174:i0369610,7.61538461538461
u0002174:i1109624,7.89862384413409
u0002174:i1196956,7.6068033561827
u0002174:i1441953,8.70605884279454
u0002174:i1692486,7.76621028166783
u0002174:i1780798,7.61538461538461
u0002174:i1823672,7.61538461538461
u0002174:i2096673,7.61538461538461
u0002174:i2245084,7.77360004155897
u0002174:i2281159,7.07388716035226
u0002174:i2319580,7.46380448063148
u0002174:i2473602,7.87382038974713
u0002174:i2509922,0
u0002174:i2726560,7.61538461538461
u0002174:i2752688,8.16633724064494
u0002174:i2960930,7.57364792108269
u0002174:i2980592,7.42094615616014
u0002174:i3011894,7.99432874802248
u0002174:i3442006,7.59630788644182
u0002174:i3612616,8.0986414418171
u0002208:i1392190,0
u0002208:i2126355,0
u0002208:i2994190,0
u0002208:i3195644,0
u0002223:i1185834,0
u0002223:i1288558,0
u0002223:i1872194,0
u0002223:i2126355,0
u0002223:i2424988,0
u0002223:i2802144,0
u0002223:i2872732,0
u0002223:i2975578,0
u0002223:i3001638,0
u0002223:i3195644,0
u0002266:i0048347,0
u0002266:i0064861,7.42857142857143
u0002266:i0080641,7.42857142857143
u0002266:i0081398,7.58641137844726
u0002266:i0119675,7.48693201905652
u0002266:i0266987,7.36377247974499
u0002266:i0369610,7.42857142857143
u0002266:i1060277,7.35700331367677
u0002266:i1482459,7.41704793104372
u0002266:i2980706,7.50118529199202
u0002268:i0470752,7.5
u0002268:i1617661,7.5
u0002268:i2872732,7.57443085112363
u0002268:i2911666,7.45768220609456
u0002287:i1605717,7.26693686990873
u0002287:i2179136,7.54479923136275
u0002287:i2359024,7.53952743857889
u0002287:i3265262,7.77795530027828
u0002324:i0371746,7.53853493620329
u0002324:i1046173,6.7599362500717
u0002324:i1228705,7.33236563029166
u0002324:i1300854,7.3087990458204
u0002324:i1323594,7.38961960853407
u0002324:i1392190,7.23214285714286
u0002324:i1409024,7.17358961122817
u0002324:i1535109,7.60829393363946
u0002324:i1631867,7.52737575034327
u0002324:i1647668,7.39455845900248
u0002324:i1690953,7.34593716043391
u0002324:i1800241,7.36208331834538
u0002324:i1972571,7.29031182421563
u0002324:i1980209,6.97091279885806
u0002324:i2084970,7.51245612103881
u0002324:i2126355,7.23214285714286
u0002324:i2179136,7.36489187585918
u0002324:i2267998,7.59855468866121
u0002324:i2278388,7.57309399071456
u0002324:i2338151,7.57962957594193
u0002324:i2395427,7.23214285714286
u0002324:i2397535,7.37454679543417
u0002324:i2582802,7.71593301786661
u0002324:i2713180,7.39778464411497
u0002324:i2788710,7.05111318524634
u0002324:i2802144,9.56914417440511
u0002324:i2820852,7.23214285714286
u0002324:i2872718,7.55991224288357
u0002324:i2883512,7.39285576772727
u0002324:i2908446,7.23214285714286
u0002324:i2911666,7.25424329020615
u0002324:i3061836,0
u0002324:i3322940,6.64147408678566
u0002325:i1291584,8.15374729950662
u0002325:i1392190,8
u0002325:i1655441,8
u0002325:i1698641,8.1235097649588
u0002325:i1809398,8.13984522799958
u0002325:i1828970,8.11145448733272
u0002325:i1872194,8.10130466772215
u0002325:i2084970,8.09521772544605
u0002325:i2179136,8.05419521346082
u0002325:i2180411,8.00584953893724
u0002325:i2194499,8.08424627121809
u0002325:i2199571,8
u0002325:i2238050,7.58367659792151
u0002325:i2305051,8.20672190587438
u0002325:i2446042,7.8200232920335
u0002325:i2561572,8
u0002325:i2614684,7.84354281393528
u0002325:i2726560,8
u0002325:i2788710,7.96216502655638
u0002325:i2802144,8.69369369369369
u0002325:i2908446,8
u0002325:i2911666,8.06670990404096
u0002325:i2917388,8
u0002325:i2944198,8
u0002325:i2980516,8.18812788044464
u0002325:i3079380,8
u0002325:i3177316,7.74043150562064
u0002357:i2321549,8.12076207156228
u0002357:i2582802,8.23938081955742
u0002357:i2883512,8.05632853516735
u0002387:i0081159,0
u0002387:i0087332,0
u0002387:i0088763,0
u0002387:i0096874,0
u0002387:i0097428,0
u0002387:i0099088,0
u0002387:i0107048,0
u0002387:i0116705,0
u0002387:i0119528,0
u0002387:i0120655,0
u0002387:i0120888,0
u0002387:i0175142,0
u0002387:i0196229,0
u0002387:i0242423,0
u0002387:i0245686,0
u0002387:i0257106,0
u0002387:i0307987,0
u0002387:i0338348,0
u0002387:i0369441,0
u0002387:i0377092,0
u0002387:i0396269,0
u0002387:i0403702,0
u0002387:i0437863,0
u0002387:i0467406,0
u0002387:i0489049,0
u0002387:i0829482,0
u0002387:i0848228,0
u0002387:i0903624,0
u0002387:i0910936,0
u0002387:i1049413,0
u0002387:i1092026,0
u0002387:i1170358,0
u0002387:i1232200,0
u0002387:i1240982,0
u0002387:i1245492,0
u0002387:i1282140,0
u0002387:i1392170,0
u0002387:i1809398,0
u0002387:i1881002,0
u0002387:i1951264,0
u0002387:i2015381,0
u0002387:i2096673,0
u0002387:i2273657,0
u0002387:i2309260,0
u0002387:i2310332,0
u0002387:i2321549,0
u0002387:i2561572,0
u0002411:i0116231,0
u0002411:i1951181,0
u0002411:i2802144,0
u0002453:i1065073,8.13684411585406
u0002453:i1100089,8.24458842899246
u0002453:i1809398,8.35345077164293
u0002453:i2084970,8.22623744983874
